<?xml version="1.0" encoding="UTF-8"?>
<!DOCTYPE configuration
  PUBLIC "-//mybatis.org//DTD Config 3.0//EN"
  "https://mybatis.org/dtd/mybatis-3-config.dtd">
<configuration>
  <settings>
  <setting name="mapUnderscoreToCamelCase" value="true"/>
  <!-- <setting name="jdbcTypeForNull" value="null" /> -->
  </settings>
  <typeAliases>
  <!-- <typeAlias alias="Board" type="com.yedam.vo.BoardVO"/> -->

  </typeAliases>
  <environments default="development">
    <environment id="development">
      <transactionManager type="JDBC"/>
      <dataSource type="POOLED">
        <property name="driver" value="oracle.jdbc.driver.OracleDriver"/>
        <property name="url" value="jdbc:oracle:thin:@localhost:1521:xe"/>
        <property name="username" value="ydacc"/>
        <property name="password" value="ydacc"/>
      </dataSource>
    </environment>
  </environments>
  <mappers> <!-- QUERY를 담는 XML -->
    <mapper resource="com/yedam/mapper/MovieMapper.xml"/>
    
    
    
    
    
    
    
    
    
    
    
    
    
    
    

  </mappers>
</configuration>