<?xml version="1.0" encoding="UTF-8" ?>
<!DOCTYPE tiles-definitions PUBLIC
       "-//Apache Software Foundation//DTD Tiles Configuration 3.0//EN"
       "http://tiles.apache.org/dtds/tiles-config_3_0.dtd">
<tiles-definitions>

  <definition name="myapp.homepage" template="/layouts/classic.jsp">
    <put-attribute name="title" value="Tiles tutorial homepage" />
    <put-attribute name="header" value="/tiles/banner.jsp" />
    <put-attribute name="menu" value="/tiles/common_menu.jsp" />
    <put-attribute name="body" value="/tiles/home_body.jsp" />
    <put-attribute name="footer" value="/tiles/credits.jsp" />
  </definition>

  <!-- user -->
  <definition name="user" template="/WEB-INF/layout/template.jsp">
    <put-attribute name="title" value="Tiles tutorial homepage" />
    <put-attribute name="header" value="/WEB-INF/layout/header.jsp" />
    <put-attribute name="menu" value="/WEB-INF/layout/menu.jsp" />
    <put-attribute name="body" value="/WEB-INF/layout/body.jsp" />
    <put-attribute name="footer" value="/WEB-INF/layout/footer.jsp" />
  </definition>
  
  
  <!-- admin -->
  <definition name="admin" template="/WEB-INF/layout/template_a.jsp">
    <put-attribute name="title" value="Tiles tutorial homepage" />
    <put-attribute name="header" value="/WEB-INF/layout/header_a.jsp" />
    <put-attribute name="menu" value="/WEB-INF/layout/menu_a.jsp" />
    <put-attribute name="body" value="/WEB-INF/layout/body_a.jsp" />
    <put-attribute name="footer" value="/WEB-INF/layout/footer_a.jsp" />
  </definition>
  
  
  
  
  <!-- add definition -->
  <definition name="WILDCARD:user/*" extends="user" >
    <put-attribute name="body" value="/WEB-INF/jsp/{1}.jsp" />
  </definition>
  
  
  <definition name="WILDCARD:admin/*" extends="admin" >
    <put-attribute name="body" value="/WEB-INF/jsp/member/{1}.jsp" />
  </definition>
  
  <definition name="WILDCARD:admin/board/*" extends="admin" >
    <put-attribute name="body" value="/WEB-INF/jsp/{1}.jsp" />
  </definition>
  
  <!-- 마지막. -->
  <definition name="WILDCARD:*/*" extends="user" >
    <put-attribute name="body" value="/WEB-INF/jsp/{1}/{2}.jsp" />
  </definition>
  
  
  
  
</tiles-definitions>